{
  "renderInitialDecks": [
    186.89517700000033,
    145.4672369999996,
    150.90960500000074,
    152.4151440000005,
    166.26546299999973,
    195.50629599999957,
    196.7610510000004,
    154.07086499999969,
    158.1268739999996,
    154.89961399999993,
    158.3470210000005,
    157.5145910000001,
    157.72561599999972,
    160.47725699999955,
    157.1736780000001,
    154.82910600000014,
    160.2568650000003,
    173.49589000000014,
    160.29677600000014,
    162.05494
  ],
  "moveOneCard": [
    167.02438900000016,
    163.15143199999966,
    163.19129299999986,
    267.32863199999974,
    149.13220899999942,
    150.08053199999995,
    149.92696800000067,
    149.2770759999985,
    150.27351799999997,
    151.03710400000182,
    150.16107899999952,
    151.04235399999925,
    147.20026300000063,
    147.5027170000012,
    149.82702299999983,
    159.69093900000007,
    162.65646799999922,
    160.85714799999914,
    163.1411879999996,
    160.31933200000094
  ],
  "moveTenCards": [
    3214.6246269999992,
    3144.813052999998,
    3069.159448999999,
    3653.327380999999,
    3381.4223710000006,
    3431.145489999999,
    3272.321723000001,
    3369.1545409999962,
    3079.541023000005,
    3430.5949180000025,
    3050.119298999998,
    3112.3834419999985,
    3475.732612,
    3065.3367299999954,
    3121.160659000001,
    3573.493776999996,
    3079.80227,
    3104.962360000005,
    3541.484998,
    3091.9507999999914
  ]
}