{
  "renderInitialDecks": [
    186.5218850000001,
    174.88102400000025,
    192.02785300000005,
    188.5238730000001,
    179.9211690000002,
    202.73099699999966,
    211.95535599999994
  ],
  "moveOneCard": [
    165.27922099999978,
    149.23633400000017,
    207.87109499999997,
    212.8077589999998,
    154.86733600000025,
    170.0073379999999,
    175.56554499999993
  ],
  "moveTenCards": [
    3474.4819850000003,
    3180.8419819999995,
    3288.4594030000007,
    3406.4089779999995,
    3306.5629400000003,
    3198.347157999999,
    3609.150497
  ]
}