{
  "renderInitialDecks": [
    192.64019700000017,
    150.57450900000003,
    151.14973899999995,
    149.4158950000001,
    162.34827199999972,
    201.52962799999978,
    205.19094499999983,
    160.44272299999966,
    160.22220199999992,
    174.72837500000014,
    162.20295700000042,
    162.06231099999968,
    165.62416500000018,
    160.6499870000007,
    160.0624539999999,
    158.55699499999992,
    161.80556700000034,
    172.39881700000024,
    159.53960500000085,
    161.81294499999967
  ],
  "moveOneCard": [
    179.70161699999971,
    162.4879230000006,
    298.85108500000024,
    156.10879400000067,
    165.422149,
    153.575922,
    158.7946460000012,
    153.65013,
    153.40271799999937,
    155.0465120000008,
    153.7578709999998,
    169.35353899999973,
    152.98605199999838,
    156.59165699999903,
    173.36339000000044,
    164.8803429999989,
    165.95864599999913,
    163.8390189999991,
    168.00763099999858,
    165.13518099999965
  ],
  "moveTenCards": [
    3189.332079,
    3280.338603000002,
    3337.7634450000005,
    3611.7865380000003,
    3378.8423440000006,
    3439.533408999996,
    3335.8298270000014,
    3467.3151599999983,
    3009.734881999997,
    3382.833644999999,
    3138.1730240000034,
    3146.012630999998,
    3568.907726999998,
    3320.8442649999997,
    3090.7883660000007,
    3501.716106000007,
    3095.731449999992,
    3125.6565599999885,
    3505.723727000004,
    3095.5803670000023
  ]
}